session_id,player_id,duration_mins,score
S_00001,P_0008,26.439120581899964,211
S_00002,P_0088,58.080085207084565,429
S_00003,P_0063,29.708367886506778,136
S_00004,P_0011,16.011125151583784,104
S_00005,P_0081,10.575862882802102,337
S_00006,P_0008,28.423222428803793,227
S_00007,P_0035,0.0755764266352621,440
S_00008,P_0035,10.497107376098402,398
S_00009,P_0033,53.14601477788626,57
S_00010,P_0005,49.84895710726855,370
S_00011,P_0041,28.073817801904376,362
S_00012,P_0028,23.015028431181804,296
S_00013,P_0007,30.877633534602662,372
S_00014,P_0073,65.21995392675484,492
S_00015,P_0072,36.074632631557876,304
S_00016,P_0012,43.646072624397256,377
S_00017,P_0034,26.96313711252673,103
S_00018,P_0033,,298
S_00019,P_0048,39.70744045180566,288
S_00020,P_0023,31.891422417360435,278
S_00021,P_0062,1.5393452626701354,116
S_00022,P_0088,49.20811142516196,100
S_00023,P_0037,20.77299483343004,146
S_00024,P_0099,61.669764624243776,141
S_00025,P_0044,40.302727691489565,313
S_00026,P_0086,31.06458623459619,467
S_00027,P_0091,36.58990710155151,340
S_00028,P_0035,28.372531671547303,145
S_00029,P_0065,22.703508509214593,137
S_00030,P_0099,33.1139739192858,127
S_00031,P_0047,43.27485700779998,337
S_00032,P_0078,23.032053770325483,169
S_00033,P_0003,20.666442526405813,351
S_00034,P_0001,24.667670386254603,449
S_00035,P_0005,44.28016640770042,214
S_00036,P_0090,51.78825371193557,231
S_00037,P_0014,35.43020867913706,447
S_00038,P_0027,38.71971201053586,272
S_00039,P_0009,20.55448714102331,360
S_00040,P_0079,43.15131974928488,481
S_00041,P_0015,38.27605515697611,56
S_00042,P_0090,19.34808063108774,379
S_00043,P_0042,3.1849258210232705,312
S_00044,P_0077,11.691448435772184,210
S_00045,P_0051,19.961959077281804,200
S_00046,P_0063,47.42905976620162,134
S_00047,P_0096,53.292896637589884,196
S_00048,P_0052,23.40723186788584,161
S_00049,P_0096,23.881269708430565,430
S_00050,P_0004,33.924345839587,452
S_00051,P_0094,30.18219763609838,85
S_00052,P_0023,43.96401125961118,334
S_00053,P_0015,22.15217859619335,237
S_00054,P_0043,44.237144816714974,131
S_00055,P_0029,,51
S_00056,P_0036,42.809620666017835,434
S_00057,P_0013,25.934393065671863,352
S_00058,P_0032,20.803579756374333,246
S_00059,P_0071,58.68476459759956,453
S_00060,P_0059,45.97840623820377,60
S_00061,P_0086,3.119323497971777,283
S_00062,P_0028,23.298397323151384,435
S_00063,P_0066,48.07384382667861,244
S_00064,P_0042,12.05009296179717,168
S_00065,P_0045,41.560174942846665,445
S_00066,P_0062,40.005841552046874,69
S_00067,P_0057,19.51280132862124,310
S_00068,P_0006,29.867744306312886,342
S_00069,P_0028,-1.350266229454192,471
S_00070,P_0028,56.55647274850078,305
S_00071,P_0044,25.363612362046172,271
S_00072,P_0084,42.05719577064388,442
S_00073,P_0030,39.20762012213137,275
S_00074,P_0062,50.36821182149983,102
S_00075,P_0075,23.5004488964616,477
S_00076,P_0092,33.057340912912004,404
S_00077,P_0089,38.386638039217914,391
S_00078,P_0062,,413
S_00079,P_0097,47.31531507613386,329
S_00080,P_0001,22.83927404137019,130
S_00081,P_0027,20.03658835043366,251
S_00082,P_0062,50.40167049372257,207
S_00083,P_0077,-0.5561390245820839,169
S_00084,P_0003,53.550484208140084,108
S_00085,P_0070,25.465136368855383,264
S_00086,P_0072,29.931557565145557,177
S_00087,P_0027,19.764860983197693,273
S_00088,P_0009,29.277067716962804,258
S_00089,P_0062,49.06707338971372,419
S_00090,P_0037,41.5629465219606,164
S_00091,P_0097,37.39029725700608,258
S_00092,P_0051,31.333095091976155,63
S_00093,P_0044,8.315850412918763,58
S_00094,P_0024,17.337946297233906,89
S_00095,P_0079,24.85198145053248,499
S_00096,P_0059,36.865146816432585,286
S_00097,P_0032,31.044789967783185,330
S_00098,P_0096,44.752564595376974,408
S_00099,P_0088,37.10441081591347,250
S_00100,P_0052,30.815258669078567,295
S_00101,P_0062,64.13641946350805,327
S_00102,P_0058,36.09340027574893,284
S_00103,P_0052,23.520866975874416,53
S_00104,P_0012,57.89950509730395,203
S_00105,P_0039,48.00617322620097,491
S_00106,P_0002,57.241316853657224,78
S_00107,P_0003,28.33602096555735,158
S_00108,P_0056,44.64463689721654,147
S_00109,P_0081,8.207258113914587,264
S_00110,P_0059,41.760096163712525,342
S_00111,P_0002,27.634140626188447,124
S_00112,P_0002,9.674130667231015,375
S_00113,P_0092,,195
S_00114,P_0054,,177
S_00115,P_0087,1.3094022440367148,390
S_00116,P_0096,35.43714688207953,91
S_00117,P_0097,38.57021265490182,405
S_00118,P_0001,44.55785730019816,90
S_00119,P_0019,41.12944524794197,471
S_00120,P_0002,52.149879381444435,83
S_00121,P_0053,40.503644300436285,66
S_00122,P_0044,28.01550834086306,214
S_00123,P_0090,28.895833263121403,202
S_00124,P_0032,25.766682165191835,427
S_00125,P_0070,34.43216286634775,125
S_00126,P_0032,13.539811971500125,136
S_00127,P_0068,35.1138329783843,166
S_00128,P_0055,28.703797397525797,411
S_00129,P_0075,34.13452736831111,391
S_00130,P_0056,34.18084552455991,76
S_00131,P_0017,,362
S_00132,P_0038,,336
S_00133,P_0024,28.370570038667168,183
S_00134,P_0069,29.167725625534896,268
S_00135,P_0098,33.89083963499541,217
S_00136,P_0070,34.53522435497464,147
S_00137,P_0086,52.74349984400844,317
S_00138,P_0011,34.68687721646921,286
S_00139,P_0016,25.30464437675339,358
S_00140,P_0097,6.013147911937761,443
S_00141,P_0073,9.471148266872142,222
S_00142,P_0059,38.03237714962807,450
S_00143,P_0070,45.90670221165702,459
S_00144,P_0080,53.12056495377274,239
S_00145,P_0093,17.581603816264302,171
S_00146,P_0003,25.442033468536092,95
S_00147,P_0020,33.635005291246685,113
S_00148,P_0059,60.71098381695357,179
S_00149,P_0036,31.722922023208433,359
S_00150,P_0019,53.26894282099457,412
S_00151,P_0090,32.549593543609625,242
S_00152,P_0067,47.29867779642684,356
S_00153,P_0019,45.39869769828117,230
S_00154,P_0020,32.49132198762227,341
S_00155,P_0096,14.694251291067678,420
S_00156,P_0071,25.963583431065743,331
S_00157,P_0052,52.33567760826719,78
S_00158,P_0033,43.16737752720171,198
S_00159,P_0040,23.49524509842229,316
S_00160,P_0039,24.865370420634008,345
S_00161,P_0082,4.03690344351649,60
S_00162,P_0001,51.66508187972717,213
S_00163,P_0011,43.2909534036923,162
S_00164,P_0092,27.943832684372204,236
S_00165,P_0057,33.002016287601336,344
S_00166,P_0089,,281
S_00167,P_0050,22.699282559358757,276
S_00168,P_0023,50.01668461296204,359
S_00169,P_0031,44.723210650951216,147
S_00170,P_0094,34.96050835595898,104
S_00171,P_0042,29.77922612047595,160
S_00172,P_0099,41.9460814454449,201
S_00173,P_0007,25.779223401733702,295
S_00174,P_0016,5.029602057074882,455
S_00175,P_0090,,118
S_00176,P_0060,36.04678990628366,361
S_00177,P_0002,46.84016527197032,338
S_00178,P_0001,8.38206359256002,299
S_00179,P_0048,28.156330401728173,85
S_00180,P_0012,28.87044517867315,288
S_00181,P_0069,13.48122142729332,197
S_00182,P_0037,37.31509912384941,276
S_00183,P_0032,41.210520474177024,293
S_00184,P_0009,25.63961537953435,386
S_00185,P_0099,60.82638912932209,495
S_00186,P_0019,25.20959988699513,414
S_00187,P_0048,23.299747939639992,250
S_00188,P_0080,22.864929780470966,203
S_00189,P_0003,17.76751390067267,499
S_00190,P_0020,21.61461760149215,122
S_00191,P_0024,8.488666961512141,250
S_00192,P_0054,27.127007641300608,345
S_00193,P_0033,30.862110045364453,66
S_00194,P_0024,,178
S_00195,P_0075,28.470757312802156,266
S_00196,P_0072,30.632011226128938,110
S_00197,P_0036,37.718834860358086,476
S_00198,P_0038,48.069526088637375,153
S_00199,P_0084,42.770313969007645,91
S_00200,P_0099,20.69454416196672,74
S_00201,P_0089,18.953817416135305,88
S_00202,P_0099,38.69256602324781,340
S_00203,P_0025,21.79080245493718,180
S_00204,P_0093,11.579189713145638,278
S_00205,P_0018,65.61212615100894,157
S_00206,P_0082,25.339136030742093,221
S_00207,P_0066,20.602137259671842,484
S_00208,P_0054,-2.8819508436296815,151
S_00209,P_0035,42.771031385682434,403
S_00210,P_0080,15.180962313051879,61
S_00211,P_0061,30.429308393517392,324
S_00212,P_0041,44.52934734456632,150
S_00213,P_0100,15.415971784138927,93
S_00214,P_0033,31.192236777263076,492
S_00215,P_0068,52.85681115290713,354
S_00216,P_0033,-6.851205852952191,494
S_00217,P_0014,17.842412295311718,66
S_00218,P_0021,16.43187174319393,379
S_00219,P_0048,27.196423161593867,106
S_00220,P_0020,29.28313683939693,360
S_00221,P_0008,14.081060505801144,352
S_00222,P_0007,,61
S_00223,P_0067,18.401625443207656,367
S_00224,P_0017,24.738161322406967,129
S_00225,P_0033,33.27334098796644,265
S_00226,P_0048,43.65846183556621,388
S_00227,P_0076,45.82996494819622,313
S_00228,P_0059,39.804513920029855,198
S_00229,P_0086,16.89038820772355,130
S_00230,P_0022,29.950561195089694,264
S_00231,P_0030,65.61494105238583,423
S_00232,P_0038,45.21799039030947,247
S_00233,P_0051,23.392431616897124,249
S_00234,P_0054,53.7305727444567,74
S_00235,P_0008,24.17896215303879,138
S_00236,P_0027,19.973970475450976,317
S_00237,P_0027,50.935979038928465,192
S_00238,P_0098,10.355260649821524,108
S_00239,P_0021,1.2933362959746546,459
S_00240,P_0030,44.119268670907125,414
S_00241,P_0097,30.415363974243192,75
S_00242,P_0028,31.91048217805734,96
S_00243,P_0064,24.57865740859534,337
S_00244,P_0097,26.422599489239126,315
S_00245,P_0069,23.128351457529355,65
S_00246,P_0061,20.610106046183994,248
S_00247,P_0048,24.271346664468574,450
S_00248,P_0019,23.798231417734506,456
S_00249,P_0004,17.57124343471897,331
S_00250,P_0035,21.822462010022342,135
S_00251,P_0064,-7.541392824933233,299
S_00252,P_0049,40.26963302332753,440
S_00253,P_0017,35.853799034747134,319
S_00254,P_0044,28.726367512562515,384
S_00255,P_0092,33.55986577139615,166
S_00256,P_0030,34.10366104707943,56
S_00257,P_0093,,186
S_00258,P_0046,22.01129546669393,420
S_00259,P_0006,37.924749144455646,225
S_00260,P_0099,33.11255227738704,377
S_00261,P_0037,60.64980734523458,364
S_00262,P_0024,54.29418233155967,264
S_00263,P_0093,43.99518210582525,131
S_00264,P_0046,,272
S_00265,P_0053,21.531644950956377,421
S_00266,P_0095,,472
S_00267,P_0099,34.19636024680064,451
S_00268,P_0060,-11.114322666895525,492
S_00269,P_0097,23.120710845855015,152
S_00270,P_0063,25.39925401017274,322
S_00271,P_0085,7.135642002450119,63
S_00272,P_0032,41.96604471867952,208
S_00273,P_0087,12.912874071151762,201
S_00274,P_0033,34.01613998554892,157
S_00275,P_0067,71.75666135233577,237
S_00276,P_0018,5.834915850671681,350
S_00277,P_0025,27.77172892489426,147
S_00278,P_0095,23.88809793547102,180
S_00279,P_0054,20.97046981655423,342
S_00280,P_0058,41.403766419530406,220
S_00281,P_0067,46.59493657242664,473
S_00282,P_0046,41.574572239520045,232
S_00283,P_0024,19.149913763231492,413
S_00284,P_0032,66.50772117603624,88
S_00285,P_0047,3.4463521748716204,64
S_00286,P_0086,14.510563964485579,425
S_00287,P_0023,32.54593926585561,53
S_00288,P_0066,,398
S_00289,P_0027,37.32066119068124,458
S_00290,P_0002,53.702011426128024,446
S_00291,P_0090,28.202236209516016,259
S_00292,P_0017,31.70594190319471,210
S_00293,P_0033,21.08225920913626,65
S_00294,P_0009,38.82492777690963,475
S_00295,P_0043,25.22282234024491,157
S_00296,P_0048,25.214144684004854,431
S_00297,P_0039,38.152247294456664,499
S_00298,P_0093,45.523813906208986,360
S_00299,P_0042,-3.1215982751081555,276
S_00300,P_0026,35.411676370101425,219
S_00301,P_0099,25.946950219836925,83
S_00302,P_0050,44.214254064921136,463
S_00303,P_0025,26.24816098388233,300
S_00304,P_0024,49.51578649743449,296
S_00305,P_0013,19.85380469273942,318
S_00306,P_0060,-3.4549486143883357,190
S_00307,P_0007,45.773895610074995,323
S_00308,P_0057,17.34682556631794,465
S_00309,P_0036,6.296220948847093,145
S_00310,P_0045,30.240801279658964,276
S_00311,P_0020,26.412320009547468,428
S_00312,P_0065,42.346574636175106,88
S_00313,P_0008,43.38616229722817,351
S_00314,P_0016,31.434306688340886,78
S_00315,P_0014,16.727760871230227,495
S_00316,P_0076,34.304118918364466,367
S_00317,P_0087,32.477915701808655,294
S_00318,P_0015,38.53405011704462,285
S_00319,P_0092,,234
S_00320,P_0098,23.994406902486705,321
S_00321,P_0066,37.64067174504159,489
S_00322,P_0032,48.70990582847587,285
S_00323,P_0087,44.48883011939385,288
S_00324,P_0063,31.230823067291965,426
S_00325,P_0086,22.689074641182785,315
S_00326,P_0051,36.05730838018958,463
S_00327,P_0025,13.629143440597943,458
S_00328,P_0058,17.74497841108659,408
S_00329,P_0063,52.64656968689435,389
S_00330,P_0062,36.030517200703834,438
S_00331,P_0022,24.787098993405674,114
S_00332,P_0058,42.43708026877903,226
S_00333,P_0058,49.30462445774391,52
S_00334,P_0086,23.330436626315397,478
S_00335,P_0049,23.58888086325787,191
S_00336,P_0052,21.710313399794916,425
S_00337,P_0042,44.457754780730426,207
S_00338,P_0070,44.60336171280186,373
S_00339,P_0015,50.78854981936648,195
S_00340,P_0054,45.12904424773254,495
S_00341,P_0060,5.516728808572218,342
S_00342,P_0097,34.21446481377299,202
S_00343,P_0008,14.124218957294218,481
S_00344,P_0053,22.306284375428767,242
S_00345,P_0060,32.55891305371295,486
S_00346,P_0005,42.53348097524856,122
S_00347,P_0068,16.637349863233837,448
S_00348,P_0006,-4.870794921786022,354
S_00349,P_0096,32.70796262708147,426
S_00350,P_0094,69.65357375097825,393
S_00351,P_0047,26.95730670494771,189
S_00352,P_0099,30.70373152425388,236
S_00353,P_0055,56.73245427804118,342
S_00354,P_0040,38.85411928592682,110
S_00355,P_0052,33.25291555474408,476
S_00356,P_0016,36.63174997970209,429
S_00357,P_0013,33.75365898860473,247
S_00358,P_0030,12.90368357764941,344
S_00359,P_0019,,489
S_00360,P_0017,58.30242168186355,368
S_00361,P_0063,32.758250278577364,351
S_00362,P_0019,31.501431638695475,393
S_00363,P_0092,28.646585039156854,60
S_00364,P_0058,41.716099014246794,111
S_00365,P_0055,68.0803665260623,382
S_00366,P_0090,,275
S_00367,P_0090,21.17869760528171,202
S_00368,P_0062,27.99898713162684,248
S_00369,P_0023,46.064947008078825,101
S_00370,P_0009,21.257990978805037,309
S_00371,P_0012,,108
S_00372,P_0001,-4.811060609671955,121
S_00373,P_0058,26.551806428304197,197
S_00374,P_0001,39.42210020221004,398
S_00375,P_0034,49.051883198635736,112
S_00376,P_0096,17.722886744364132,359
S_00377,P_0048,7.458524735540948,422
S_00378,P_0089,26.088972526622715,292
S_00379,P_0001,13.118714883796667,415
S_00380,P_0016,27.764449999057053,379
S_00381,P_0061,29.90019818053144,156
S_00382,P_0064,10.212824321970828,275
S_00383,P_0063,42.06658665166297,362
S_00384,P_0069,27.641791599533235,267
S_00385,P_0022,,474
S_00386,P_0093,2.3264213955585937,290
S_00387,P_0067,14.742117441819142,308
S_00388,P_0076,37.75003962972184,425
S_00389,P_0026,18.013341437621023,311
S_00390,P_0016,27.53196512925456,54
S_00391,P_0051,30.010486763357623,310
S_00392,P_0086,32.373839714300516,103
S_00393,P_0057,19.836506808994393,96
S_00394,P_0029,32.23929845208716,264
S_00395,P_0078,18.2618444214828,226
S_00396,P_0092,40.11420703120163,58
S_00397,P_0069,28.27733970775465,148
S_00398,P_0047,32.32554935393278,69
S_00399,P_0094,68.548902595355,427
S_00400,P_0062,13.39343318099968,290
S_00001,P_0008,26.439120581899964,211
S_00002,P_0088,58.080085207084565,429
S_00003,P_0063,29.708367886506778,136
S_00004,P_0011,16.011125151583784,104
S_00005,P_0081,10.575862882802102,337
S_00006,P_0008,28.423222428803793,227
S_00007,P_0035,0.0755764266352621,440
S_00008,P_0035,10.497107376098402,398
S_00009,P_0033,53.14601477788626,57
S_00010,P_0005,49.84895710726855,370
